statistic,sepal.length,sepal.width,petal.length,petal.width
means,5.8483221476510066,4.451342281879195,4.225503355704698,3.4706375838926173
variances,0.686568111735897,2.394897182111947,2.725581304360911,3.8991868196943207
medians,5.8,4.35,4.4,3.2
